<?xml version="1.0" encoding="UTF-8"?>
<!DOCTYPE suite SYSTEM "https://testng.org/testng-1.0.dtd">
<suite name="Suite" verbose = "5"  thread-count = "2" parallel="tests">

<parameter name = "url" value = "http://leaftaps.com/opentaps/control/main"></parameter>
<parameter name = "username" value = "Demosalesmanager"></parameter>
<parameter name = "password" value = "crmsfa"></parameter>

  <test  name="Cross-BrowserTesting(Chrome)" >
  <parameter name="browser" value = "chrome"></parameter>
    <classes>
     <!--  <class name="week6.day2.DeleteLead"/> -->
      <class name="week8.day2.CreateLead"/>
      <class name="week6.day2.EditLead"/> 
     <!--  <class name="week6.day2.MergeLead"/> -->
    </classes>
  </test> <!-- Test -->
  
  
  <test  name="Cross-BrowserTesting(edge)">
  <parameter name="browser" value = "edge"></parameter>
    <classes>
     <!--  <class name="week6.day2.DeleteLead"/> -->
      <class name="week8.day2.CreateLead"/>
       <class name="week6.day2.EditLead"/> 
     <!--  <class name="week6.day2.MergeLead"/> -->
    </classes>
  </test> <!-- Test -->
  
  
  
  
</suite> <!-- Suite -->
