<?xml version="1.0" encoding="UTF-8"?>
<!DOCTYPE suite SYSTEM "https://testng.org/testng-1.0.dtd">
<suite name="Suite" verbose="5">
<listeners>
<listener class-name="week8.day2.retry.RetryFailedTests"></listener>
</listeners>
<parameter name = "url" value = "http://leaftaps.com/opentaps/control/main"></parameter>
<parameter name = "username" value = "Demosalesmanager"></parameter>
<parameter name = "password" value = "crmsfa"></parameter>
  <test  name="Test">
    <classes>
      <class name="week8.day2.retry.CreateLead"/>
      <class name="week8.day2.retry.EditLead"/>
      
    </classes>
  </test> <!-- Test -->
</suite> <!-- Suite -->
